"File","Macro","Value","Line"
"ai.h","AI_DAMAGES_THROUGH_BERRIES","TRUE","83"
"ai.h","AI_FLAG_ATTACKS_PARTNER_FOCUSES_PARTNER","FALSE","123"
"ai.h","ALL_MOVES_BAD_NEEDS_GOOD_SWITCHIN","FALSE","54"
"ai.h","ALL_MOVES_BAD_STATUS_MOVES_BAD","FALSE","51"
"ai.h","ALL_SCORES_BAD_NEEDS_GOOD_SWITCHIN","FALSE","55"
"ai.h","ASSUME_STAB_SEES_ABILITY","FALSE","99"
"ai.h","ASSUME_STATUS_MOVES_HAS_TUNING","TRUE","102"
"ai.h","LAST_MON_PREFERS_NOT_SACRIFICE","FALSE","72"
"ai.h","RANDOMIZE_SWITCHIN_ANY_VALID","TRUE","113"
"ai.h","SMART_SWITCHING_OMNISCIENT","FALSE","110"
"battle.h","B_AFFECTION_MECHANICS","TRUE","357"
"battle.h","B_ANIMATE_MON_AFTER_FAILED_POKEBALL","TRUE","331"
"battle.h","B_ANIMATE_MON_AFTER_KO","TRUE","330"
"battle.h","B_CATCH_SWAP_CHECK_HMS","TRUE","349"
"battle.h","B_CRITICAL_CAPTURE","TRUE","341"
"battle.h","B_CRITICAL_CAPTURE_LOCAL_DEX","TRUE","342"
"battle.h","B_DOUBLE_WILD_REQUIRE_2_MONS","FALSE","353"
"battle.h","B_EXTRAPOLATED_MOVE_FLAGS","TRUE","74"
"battle.h","B_FAST_EXP_GROW","TRUE","321"
"battle.h","B_FAST_HP_DRAIN","TRUE","320"
"battle.h","B_FAST_INTRO_NO_SLIDE","FALSE","319"
"battle.h","B_FAST_INTRO_PKMN_TEXT","TRUE","318"
"battle.h","B_FRIENDSHIP_BOOST","FALSE","23"
"battle.h","B_HIDE_HEALTHBOX_IN_ANIMS","TRUE","324"
"battle.h","B_LAST_USED_BALL","TRUE","345"
"battle.h","B_LAST_USED_BALL_CYCLE","TRUE","347"
"battle.h","B_NEW_BATON_PASS_BALL_PARTICLE","FALSE","385"
"battle.h","B_NEW_CURSE_NAIL_PARTICLE","FALSE","384"
"battle.h","B_NEW_EMBER_PARTICLES","FALSE","378"
"battle.h","B_NEW_FLY_BUBBLE_PARTICLE","FALSE","383"
"battle.h","B_NEW_HANDS_FEET_PARTICLE","FALSE","381"
"battle.h","B_NEW_HORN_ATTACK_PARTICLE","FALSE","375"
"battle.h","B_NEW_IMPACT_PALETTE","FALSE","387"
"battle.h","B_NEW_LEAF_PARTICLE","FALSE","377"
"battle.h","B_NEW_LEECH_SEED_PARTICLE","FALSE","374"
"battle.h","B_NEW_MEAN_LOOK_PARTICLE","FALSE","379"
"battle.h","B_NEW_MORNING_SUN_STAR_PARTICLE","FALSE","386"
"battle.h","B_NEW_ROCKS_PARTICLE","FALSE","376"
"battle.h","B_NEW_SPIKES_PARTICLE","FALSE","382"
"battle.h","B_NEW_SURF_PARTICLE_PALETTE","FALSE","388"
"battle.h","B_NEW_SWORD_PARTICLE","FALSE","373"
"battle.h","B_NEW_TEETH_PARTICLE","FALSE","380"
"battle.h","B_NEW_TERRAIN_BACKGROUNDS","FALSE","315"
"battle.h","B_PARTNER_MONS_MARKED_SEEN","FALSE","365"
"battle.h","B_POOL_RULE_EXCLUDE_FORMS","FALSE","417"
"battle.h","B_POOL_RULE_ITEM_CLAUSE","FALSE","418"
"battle.h","B_POOL_RULE_MEGA_STONE_CLAUSE","FALSE","420"
"battle.h","B_POOL_RULE_SPECIES_CLAUSE","FALSE","416"
"battle.h","B_POOL_RULE_Z_CRYSTAL_CLAUSE","FALSE","421"
"battle.h","B_POOL_RULES_USE_ITEM_EXCLUSIONS","FALSE","419"
"battle.h","B_POOL_SETTING_CONSISTENT_RNG","FALSE","413"
"battle.h","B_POOL_SETTING_USE_FIXED_SEED","FALSE","414"
"battle.h","B_QUICK_MOVE_CURSOR_TO_RUN","FALSE","326"
"battle.h","B_RESET_FLAGS_VARS_AFTER_WHITEOUT","TRUE","285"
"battle.h","B_RUN_TRAINER_BATTLE","TRUE","327"
"battle.h","B_SHOW_CATEGORY_ICON","TRUE","323"
"battle.h","B_SHOW_DYNAMAX_MESSAGE","FALSE","332"
"battle.h","B_SHOW_MOVE_DESCRIPTION","TRUE","291"
"battle.h","B_SHOW_PARTNER_TARGET","FALSE","288"
"battle.h","B_SHOW_TARGETS","TRUE","322"
"battle.h","B_SHOW_USELESS_Z_MOVE_INFO","FALSE","329"
"battle.h","B_SKY_BATTLE_STRICT_ELIGIBILITY","FALSE","282"
"battle.h","B_SLEEP_CLAUSE","FALSE","364"
"battle.h","B_TERRAIN_BG_CHANGE","TRUE","308"
"battle.h","B_THUNDERSTORM_TERRAIN","TRUE","309"
"battle.h","B_TRAINER_MON_RANDOM_ABILITY","FALSE","359"
"battle.h","B_TRAINERS_KNOCK_OFF_ITEMS","TRUE","219"
"battle.h","B_USE_FROSTBITE","FALSE","361"
"battle.h","B_WILD_NATURAL_ENEMIES","TRUE","356"
"battle.h","B_X_ITEMS_CROSSUSE","TRUE","217"
"caps.h","B_EV_ITEMS_CAP","FALSE","31"
"caps.h","B_LEVEL_CAP_EXP_UP","FALSE","19"
"caps.h","B_RARE_CANDY_CAP","FALSE","18"
"debug.h","DEBUG_AI_DELAY_TIMER","FALSE","12"
"debug.h","DEBUG_OVERWORLD_IN_MENU","FALSE","8"
"dexnav.h","DEXNAV_ENABLED","TRUE","4"
"dexnav.h","USE_DEXNAV_SEARCH_LEVELS","FALSE","5"
"fishing.h","I_FISHING_CHAIN","FALSE","9"
"fishing.h","I_FISHING_FOLLOWER_BOOST","FALSE","8"
"fishing.h","I_FISHING_PROXIMITY","FALSE","10"
"fishing.h","I_FISHING_TIME_OF_DAY_BOOST","FALSE","11"
"follower_npc.h","FNPC_ENABLE_NPC_FOLLOWERS","FALSE","5"
"follower_npc.h","FNPC_FACE_NPC_FOLLOWER_ON_DOOR_EXIT","TRUE","10"
"follower_npc.h","FNPC_NPC_FOLLOWER_PARTY_PREVIEW","TRUE","9"
"follower_npc.h","FNPC_NPC_FOLLOWER_SHOW_AFTER_LEAVE_ROUTE","TRUE","11"
"follower_npc.h","FNPC_NPC_FOLLOWER_WILD_BATTLE_VS_2","TRUE","8"
"general.h","EXPANSION_INTRO","TRUE","76"
"general.h","HQ_RANDOM","TRUE","77"
"general.h","PHONEMES_SHARED","FALSE","78"
"item.h","I_ORAS_DOWSING_SOUNDS","TRUE","45"
"item.h","I_REPEL_LURE_MENU","TRUE","37"
"item.h","I_REUSABLE_TMS","TRUE","26"
"item.h","I_USE_EVO_HELD_ITEMS_FROM_BAG","FALSE","14"
"name_box.h","OW_NAME_BOX_NPC_TRAINER","FALSE","8"
"name_box.h","OW_NAME_BOX_USE_DYNAMIC_WIDTH","TRUE","7"
"overworld.h","BATTLE_PYRAMID_RANDOM_ENCOUNTERS","FALSE","116"
"overworld.h","BERRY_BLENDER_THROW_ALL_BERRIES_AT_ONCE","TRUE","146"
"overworld.h","OW_BATTLE_ONLY_FORMS","TRUE","66"
"overworld.h","OW_BERRY_ALWAYS_WATERABLE","FALSE","37"
"overworld.h","OW_BERRY_IMMORTAL","FALSE","46"
"overworld.h","OW_BERRY_MOISTURE","FALSE","36"
"overworld.h","OW_BERRY_MULCH_USAGE","FALSE","38"
"overworld.h","OW_BERRY_MUTATIONS","FALSE","34"
"overworld.h","OW_BERRY_PESTS","FALSE","40"
"overworld.h","OW_BERRY_SIX_STAGES","FALSE","41"
"overworld.h","OW_BERRY_WEEDS","FALSE","39"
"overworld.h","OW_CHOOSE_FROM_PC_AND_PARTY","TRUE","15"
"overworld.h","OW_DEFOG_FIELD_MOVE","FALSE","13"
"overworld.h","OW_DOUBLE_APPROACH_WITH_ONE_MON","FALSE","10"
"overworld.h","OW_ENABLE_DNS","TRUE","102"
"overworld.h","OW_FOLLOWERS_BOBBING","TRUE","62"
"overworld.h","OW_FOLLOWERS_COPY_WILD_PKMN","FALSE","65"
"overworld.h","OW_FOLLOWERS_ENABLED","TRUE","61"
"overworld.h","OW_FOLLOWERS_POKEBALLS","TRUE","63"
"overworld.h","OW_FOLLOWERS_SCRIPT_MOVEMENT","TRUE","68"
"overworld.h","OW_FOLLOWERS_WEATHER_FORMS","FALSE","64"
"overworld.h","OW_GFX_COMPRESS","TRUE","54"
"overworld.h","OW_HIDE_REPEAT_MAP_POPUP","FALSE","11"
"overworld.h","OW_LARGE_OW_SUPPORT","TRUE","52"
"overworld.h","OW_MON_WANDER_WALK","TRUE","59"
"overworld.h","OW_OBJECT_VANILLA_SHADOWS","FALSE","105"
"overworld.h","OW_PC_JAPAN_WALDA_ICONS","TRUE","29"
"overworld.h","OW_PKMN_OBJECTS_SHARE_PALETTES","FALSE","53"
"overworld.h","OW_POKEMON_OBJECT_EVENTS","TRUE","50"
"overworld.h","OW_POPUP_BW_ALPHA_BLEND","FALSE","136"
"overworld.h","OW_ROCK_CLIMB_FIELD_MOVE","FALSE","14"
"overworld.h","OW_SUBSTITUTE_PLACEHOLDER","TRUE","51"
"overworld.h","OW_TIME_OF_DAY_DISABLE_FALLBACK","FALSE","96"
"overworld.h","OW_TIME_OF_DAY_ENCOUNTERS","TRUE","95"
"overworld.h","OW_UNION_DISABLE_CHECK","FALSE","142"
"overworld.h","OW_USE_FAKE_RTC","FALSE","93"
"overworld.h","SLOW_MOVEMENT_ON_STAIRS","FALSE","6"
"pokedex_plus_hgss.h","HGSS_DARK_MODE","FALSE","6"
"pokedex_plus_hgss.h","HGSS_DECAPPED","FALSE","5"
"pokedex_plus_hgss.h","HGSS_HIDE_UNOWNED_EVOLUTION_METHODS","FALSE","8"
"pokedex_plus_hgss.h","HGSS_HIDE_UNSEEN_EVOLUTION_NAMES","FALSE","7"
"pokedex_plus_hgss.h","HGSS_SHOW_EGG_MOVES_FOR_EVOS","FALSE","10"
"pokedex_plus_hgss.h","HGSS_SORT_TMS_BY_NUM","FALSE","9"
"pokedex_plus_hgss.h","POKEDEX_PLUS_HGSS","TRUE","4"
"pokemon.h","P_ASK_MOVE_CONFIRMATION","FALSE","59"
"pokemon.h","P_CAN_FORGET_HIDDEN_MOVE","FALSE","58"
"pokemon.h","P_CRIES_ENABLED","TRUE","53"
"pokemon.h","P_CUSTOM_GENDER_DIFF_ICONS","TRUE","44"
"pokemon.h","P_FOOTPRINTS","TRUE","46"
"pokemon.h","P_GBA_STYLE_SPECIES_FOOTPRINTS","FALSE","50"
"pokemon.h","P_GBA_STYLE_SPECIES_GFX","FALSE","48"
"pokemon.h","P_GBA_STYLE_SPECIES_ICONS","FALSE","49"
"pokemon.h","P_GENDER_DIFFERENCES","TRUE","43"
"pokemon.h","P_LEARNSET_HELPER_TEACHABLE","TRUE","66"
"pokemon.h","P_NO_SHINIES_WITHOUT_POKEBALLS","FALSE","62"
"pokemon.h","P_ONLY_OBTAINABLE_SHINIES","FALSE","61"
"pokemon.h","P_SHOW_DYNAMIC_TYPES","FALSE","63"
"pokemon.h","P_TWO_FRAME_FRONT_SPRITES","TRUE","47"
"pokerus.h","P_POKERUS_ENABLED","TRUE","5"
"pokerus.h","P_POKERUS_HERD_IMMUNITY","FALSE","15"
"pokerus.h","P_POKERUS_INFECT_EGG","FALSE","11"
"pokerus.h","P_POKERUS_WEAK_VARIANT","FALSE","16"
"save.h","FREE_BATTLE_TOWER_E_READER","FALSE","19"
"save.h","FREE_ENIGMA_BERRY","FALSE","14"
"save.h","FREE_EXTRA_SEEN_FLAGS_SAVEBLOCK1","FALSE","8"
"save.h","FREE_EXTRA_SEEN_FLAGS_SAVEBLOCK2","FALSE","22"
"save.h","FREE_LINK_BATTLE_RECORDS","FALSE","15"
"save.h","FREE_MATCH_CALL","FALSE","12"
"save.h","FREE_MYSTERY_EVENT_BUFFERS","FALSE","11"
"save.h","FREE_MYSTERY_GIFT","FALSE","16"
"save.h","FREE_POKEMON_JUMP","FALSE","20"
"save.h","FREE_RECORD_MIXING_HALL_RECORDS","FALSE","21"
"save.h","FREE_TRAINER_HILL","FALSE","9"
"save.h","FREE_TRAINER_TOWER","FALSE","10"
"save.h","FREE_UNION_ROOM_CHAT","FALSE","13"
"save.h","SKIP_SAVE_CONFIRMATION","FALSE","5"
"species_enabled.h","P_CROSS_GENERATION_EVOS","TRUE","47"
"species_enabled.h","P_FUSION_FORMS","TRUE","32"
"species_enabled.h","P_GEN_1_POKEMON","TRUE","9"
"species_enabled.h","P_GEN_2_POKEMON","TRUE","10"
"species_enabled.h","P_GEN_3_POKEMON","TRUE","11"
"species_enabled.h","P_GEN_4_POKEMON","TRUE","12"
"species_enabled.h","P_GEN_5_POKEMON","TRUE","13"
"species_enabled.h","P_GEN_6_POKEMON","TRUE","14"
"species_enabled.h","P_GEN_7_POKEMON","TRUE","15"
"species_enabled.h","P_GEN_8_POKEMON","TRUE","16"
"species_enabled.h","P_GEN_9_POKEMON","TRUE","17"
"species_enabled.h","P_GIGANTAMAX_FORMS","TRUE","26"
"species_enabled.h","P_MEGA_EVOLUTIONS","TRUE","23"
"species_enabled.h","P_NEW_EVOS_IN_REGIONAL_DEX","TRUE","20"
"species_enabled.h","P_PIKACHU_EXTRA_FORMS","TRUE","42"
"species_enabled.h","P_PRIMAL_REVERSIONS","TRUE","24"
"species_enabled.h","P_REGIONAL_FORMS","TRUE","35"
"species_enabled.h","P_TERA_FORMS","TRUE","27"
"species_enabled.h","P_ULTRA_BURST_FORMS","TRUE","25"
"summary_screen.h","P_ENABLE_ALL_LEVEL_UP_MOVES","FALSE","38"
"summary_screen.h","P_ENABLE_ALL_TM_MOVES","FALSE","42"
"summary_screen.h","P_ENABLE_MOVE_RELEARNERS","TRUE","33"
"summary_screen.h","P_PARTY_MOVE_RELEARNER","FALSE","55"
"summary_screen.h","P_PRE_EVO_MOVES","FALSE","37"
"summary_screen.h","P_SORT_MOVES","FALSE","34"
"summary_screen.h","P_SUMMARY_MOVE_RELEARNER_FULL_PP","TRUE","52"
"summary_screen.h","P_SUMMARY_SCREEN_EV_ONLY","FALSE","27"
"summary_screen.h","P_SUMMARY_SCREEN_IV_EV_BOX_ONLY","FALSE","10"
"summary_screen.h","P_SUMMARY_SCREEN_IV_EV_INFO","TRUE","9"
"summary_screen.h","P_SUMMARY_SCREEN_IV_EV_TILESET","FALSE","12"
"summary_screen.h","P_SUMMARY_SCREEN_IV_EV_VALUES","FALSE","13"
"summary_screen.h","P_SUMMARY_SCREEN_IV_HYPERTRAIN","TRUE","11"
"summary_screen.h","P_SUMMARY_SCREEN_IV_ONLY","FALSE","26"
"summary_screen.h","P_SUMMARY_SCREEN_MOVE_RELEARNER","TRUE","51"
"summary_screen.h","P_SUMMARY_SCREEN_NATURE_COLORS","TRUE","5"
"summary_screen.h","P_SUMMARY_SCREEN_RENAME","TRUE","6"
"summary_screen.h","P_TM_MOVES_RELEARNER","FALSE","41"
"test.h","P_ALOLAN_FORMS","TRUE","20"
"test.h","P_CAP_PIKACHU_FORMS","TRUE","32"
"test.h","P_COSPLAY_PIKACHU_FORMS","TRUE","30"
"test.h","P_FAMILY_ABRA","TRUE","97"
"test.h","P_FAMILY_ABSOL","TRUE","413"
"test.h","P_FAMILY_AERODACTYL","TRUE","185"
"test.h","P_FAMILY_AIPOM","TRUE","230"
"test.h","P_FAMILY_ALOMOMOLA","TRUE","632"
"test.h","P_FAMILY_AMAURA","TRUE","745"
"test.h","P_FAMILY_ANORITH","TRUE","397"
"test.h","P_FAMILY_APPLIN","TRUE","913"
"test.h","P_FAMILY_ARCEUS","TRUE","536"
"test.h","P_FAMILY_ARCHEN","TRUE","606"
"test.h","P_FAMILY_ARCTOVISH","TRUE","957"
"test.h","P_FAMILY_ARCTOZOLT","TRUE","953"
"test.h","P_FAMILY_ARON","TRUE","347"
"test.h","P_FAMILY_ARROKUDA","TRUE","919"
"test.h","P_FAMILY_ARTICUNO","TRUE","189"
"test.h","P_FAMILY_AUDINO","TRUE","570"
"test.h","P_FAMILY_AXEW","TRUE","646"
"test.h","P_FAMILY_AZELF","TRUE","516"
"test.h","P_FAMILY_BAGON","TRUE","425"
"test.h","P_FAMILY_BALTOY","TRUE","393"
"test.h","P_FAMILY_BARBOACH","TRUE","389"
"test.h","P_FAMILY_BASCULIN","TRUE","588"
"test.h","P_FAMILY_BELDUM","TRUE","427"
"test.h","P_FAMILY_BELLSPROUT","TRUE","101"
"test.h","P_FAMILY_BERGMITE","TRUE","761"
"test.h","P_FAMILY_BIDOOF","TRUE","458"
"test.h","P_FAMILY_BINACLE","TRUE","735"
"test.h","P_FAMILY_BLACEPHALON","TRUE","882"
"test.h","P_FAMILY_BLIPBUG","TRUE","899"
"test.h","P_FAMILY_BLITZLE","TRUE","562"
"test.h","P_FAMILY_BOMBIRDIER","TRUE","1036"
"test.h","P_FAMILY_BOUFFALANT","TRUE","664"
"test.h","P_FAMILY_BOUNSWEET","TRUE","814"
"test.h","P_FAMILY_BRAMBLIN","TRUE","1020"
"test.h","P_FAMILY_BRONZOR","TRUE","488"
"test.h","P_FAMILY_BRUTE_BONNET","TRUE","1064"
"test.h","P_FAMILY_BRUXISH","TRUE","840"
"test.h","P_FAMILY_BUIZEL","TRUE","474"
"test.h","P_FAMILY_BULBASAUR","TRUE","47"
"test.h","P_FAMILY_BUNEARY","TRUE","482"
"test.h","P_FAMILY_BUNNELBY","TRUE","709"
"test.h","P_FAMILY_BURMY","TRUE","468"
"test.h","P_FAMILY_BUZZWOLE","TRUE","860"
"test.h","P_FAMILY_CACNEA","TRUE","377"
"test.h","P_FAMILY_CALYREX","TRUE","981"
"test.h","P_FAMILY_CAPSAKID","TRUE","1026"
"test.h","P_FAMILY_CARBINK","TRUE","751"
"test.h","P_FAMILY_CARNIVINE","TRUE","504"
"test.h","P_FAMILY_CARVANHA","TRUE","363"
"test.h","P_FAMILY_CASTFORM","TRUE","401"
"test.h","P_FAMILY_CATERPIE","TRUE","53"
"test.h","P_FAMILY_CELEBI","TRUE","302"
"test.h","P_FAMILY_CELESTEELA","TRUE","866"
"test.h","P_FAMILY_CETODDLE","TRUE","1052"
"test.h","P_FAMILY_CHANSEY","TRUE","145"
"test.h","P_FAMILY_CHARCADET","TRUE","1010"
"test.h","P_FAMILY_CHARMANDER","TRUE","49"
"test.h","P_FAMILY_CHATOT","TRUE","490"
"test.h","P_FAMILY_CHERUBI","TRUE","476"
"test.h","P_FAMILY_CHESPIN","TRUE","703"
"test.h","P_FAMILY_CHEWTLE","TRUE","907"
"test.h","P_FAMILY_CHI_YU","TRUE","1094"
"test.h","P_FAMILY_CHIEN_PAO","TRUE","1090"
"test.h","P_FAMILY_CHIKORITA","TRUE","202"
"test.h","P_FAMILY_CHIMCHAR","TRUE","452"
"test.h","P_FAMILY_CHIMECHO","TRUE","411"
"test.h","P_FAMILY_CHINCHOU","TRUE","216"
"test.h","P_FAMILY_CLAMPERL","TRUE","419"
"test.h","P_FAMILY_CLAUNCHER","TRUE","739"
"test.h","P_FAMILY_CLEFAIRY","TRUE","71"
"test.h","P_FAMILY_CLOBBOPUS","TRUE","925"
"test.h","P_FAMILY_COBALION","TRUE","678"
"test.h","P_FAMILY_COMBEE","TRUE","470"
"test.h","P_FAMILY_COMFEY","TRUE","816"
"test.h","P_FAMILY_CORPHISH","TRUE","391"
"test.h","P_FAMILY_CORSOLA","TRUE","270"
"test.h","P_FAMILY_COSMOG","TRUE","856"
"test.h","P_FAMILY_COTTONEE","TRUE","584"
"test.h","P_FAMILY_CRABRAWLER","TRUE","790"
"test.h","P_FAMILY_CRAMORANT","TRUE","917"
"test.h","P_FAMILY_CRANIDOS","TRUE","464"
"test.h","P_FAMILY_CRESSELIA","TRUE","528"
"test.h","P_FAMILY_CROAGUNK","TRUE","502"
"test.h","P_FAMILY_CRYOGONAL","TRUE","650"
"test.h","P_FAMILY_CUBCHOO","TRUE","648"
"test.h","P_FAMILY_CUBONE","TRUE","135"
"test.h","P_FAMILY_CUFANT","TRUE","949"
"test.h","P_FAMILY_CUTIEFLY","TRUE","794"
"test.h","P_FAMILY_CYCLIZAR","TRUE","1042"
"test.h","P_FAMILY_CYNDAQUIL","TRUE","204"
"test.h","P_FAMILY_DARKRAI","TRUE","532"
"test.h","P_FAMILY_DARUMAKA","TRUE","592"
"test.h","P_FAMILY_DEDENNE","TRUE","749"
"test.h","P_FAMILY_DEERLING","TRUE","622"
"test.h","P_FAMILY_DEINO","TRUE","674"
"test.h","P_FAMILY_DELIBIRD","TRUE","274"
"test.h","P_FAMILY_DEOXYS","TRUE","447"
"test.h","P_FAMILY_DEWPIDER","TRUE","804"
"test.h","P_FAMILY_DHELMISE","TRUE","844"
"test.h","P_FAMILY_DIALGA","TRUE","518"
"test.h","P_FAMILY_DIANCIE","TRUE","771"
"test.h","P_FAMILY_DIGLETT","TRUE","85"
"test.h","P_FAMILY_DITTO","TRUE","175"
"test.h","P_FAMILY_DODUO","TRUE","115"
"test.h","P_FAMILY_DONDOZO","TRUE","1056"
"test.h","P_FAMILY_DRACOVISH","TRUE","955"
"test.h","P_FAMILY_DRACOZOLT","TRUE","951"
"test.h","P_FAMILY_DRAMPA","TRUE","842"
"test.h","P_FAMILY_DRATINI","TRUE","195"
"test.h","P_FAMILY_DREEPY","TRUE","961"
"test.h","P_FAMILY_DRIFLOON","TRUE","480"
"test.h","P_FAMILY_DRILBUR","TRUE","568"
"test.h","P_FAMILY_DROWZEE","TRUE","127"
"test.h","P_FAMILY_DRUDDIGON","TRUE","658"
"test.h","P_FAMILY_DUCKLETT","TRUE","618"
"test.h","P_FAMILY_DUNSPARCE","TRUE","250"
"test.h","P_FAMILY_DURALUDON","TRUE","959"
"test.h","P_FAMILY_DURANT","TRUE","672"
"test.h","P_FAMILY_DUSKULL","TRUE","407"
"test.h","P_FAMILY_DWEBBLE","TRUE","596"
"test.h","P_FAMILY_EEVEE","TRUE","177"
"test.h","P_FAMILY_EISCUE","TRUE","943"
"test.h","P_FAMILY_EKANS","TRUE","63"
"test.h","P_FAMILY_ELECTABUZZ","TRUE","163"
"test.h","P_FAMILY_ELECTRIKE","TRUE","351"
"test.h","P_FAMILY_ELGYEM","TRUE","642"
"test.h","P_FAMILY_EMOLGA","TRUE","624"
"test.h","P_FAMILY_ENAMORUS","TRUE","983"
"test.h","P_FAMILY_ENTEI","TRUE","292"
"test.h","P_FAMILY_ESPURR","TRUE","725"
"test.h","P_FAMILY_ETERNATUS","TRUE","967"
"test.h","P_FAMILY_EXEGGCUTE","TRUE","133"
"test.h","P_FAMILY_FALINKS","TRUE","935"
"test.h","P_FAMILY_FARFETCHD","TRUE","113"
"test.h","P_FAMILY_FEEBAS","TRUE","399"
"test.h","P_FAMILY_FENNEKIN","TRUE","705"
"test.h","P_FAMILY_FERROSEED","TRUE","636"
"test.h","P_FAMILY_FEZANDIPITI","TRUE","1116"
"test.h","P_FAMILY_FIDOUGH","TRUE","1002"
"test.h","P_FAMILY_FINIZEN","TRUE","1038"
"test.h","P_FAMILY_FINNEON","TRUE","506"
"test.h","P_FAMILY_FLABEBE","TRUE","717"
"test.h","P_FAMILY_FLAMIGO","TRUE","1050"
"test.h","P_FAMILY_FLETCHLING","TRUE","711"
"test.h","P_FAMILY_FLITTLE","TRUE","1030"
"test.h","P_FAMILY_FLUTTER_MANE","TRUE","1066"
"test.h","P_FAMILY_FOMANTIS","TRUE","806"
"test.h","P_FAMILY_FOONGUS","TRUE","628"
"test.h","P_FAMILY_FRIGIBAX","TRUE","1084"
"test.h","P_FAMILY_FRILLISH","TRUE","630"
"test.h","P_FAMILY_FROAKIE","TRUE","707"
"test.h","P_FAMILY_FUECOCO","TRUE","988"
"test.h","P_FAMILY_FURFROU","TRUE","723"
"test.h","P_FAMILY_GASTLY","TRUE","123"
"test.h","P_FAMILY_GENESECT","TRUE","700"
"test.h","P_FAMILY_GEODUDE","TRUE","105"
"test.h","P_FAMILY_GIBLE","TRUE","494"
"test.h","P_FAMILY_GIMMIGHOUL","TRUE","1086"
"test.h","P_FAMILY_GIRAFARIG","TRUE","246"
"test.h","P_FAMILY_GIRATINA","TRUE","526"
"test.h","P_FAMILY_GLAMEOW","TRUE","484"
"test.h","P_FAMILY_GLASTRIER","TRUE","977"
"test.h","P_FAMILY_GLIGAR","TRUE","252"
"test.h","P_FAMILY_GLIMMET","TRUE","1046"
"test.h","P_FAMILY_GOLDEEN","TRUE","153"
"test.h","P_FAMILY_GOLETT","TRUE","660"
"test.h","P_FAMILY_GOOMY","TRUE","753"
"test.h","P_FAMILY_GOSSIFLEUR","TRUE","903"
"test.h","P_FAMILY_GOTHITA","TRUE","614"
"test.h","P_FAMILY_GOUGING_FIRE","TRUE","1120"
"test.h","P_FAMILY_GREAT_TUSK","TRUE","1060"
"test.h","P_FAMILY_GREAVARD","TRUE","1048"
"test.h","P_FAMILY_GRIMER","TRUE","119"
"test.h","P_FAMILY_GROOKEY","TRUE","889"
"test.h","P_FAMILY_GROUDON","TRUE","441"
"test.h","P_FAMILY_GROWLITHE","TRUE","93"
"test.h","P_FAMILY_GRUBBIN","TRUE","788"
"test.h","P_FAMILY_GULPIN","TRUE","361"
"test.h","P_FAMILY_GUZZLORD","TRUE","870"
"test.h","P_FAMILY_HATENNA","TRUE","929"
"test.h","P_FAMILY_HAWLUCHA","TRUE","747"
"test.h","P_FAMILY_HEATMOR","TRUE","670"
"test.h","P_FAMILY_HEATRAN","TRUE","522"
"test.h","P_FAMILY_HELIOPTILE","TRUE","741"
"test.h","P_FAMILY_HERACROSS","TRUE","260"
"test.h","P_FAMILY_HIPPOPOTAS","TRUE","498"
"test.h","P_FAMILY_HITMONS","TRUE","137"
"test.h","P_FAMILY_HO_OH","TRUE","300"
"test.h","P_FAMILY_HONEDGE","TRUE","727"
"test.h","P_FAMILY_HOOPA","TRUE","773"
"test.h","P_FAMILY_HOOTHOOT","TRUE","210"
"test.h","P_FAMILY_HOPPIP","TRUE","228"
"test.h","P_FAMILY_HORSEA","TRUE","151"
"test.h","P_FAMILY_HOUNDOUR","TRUE","280"
"test.h","P_FAMILY_IMPIDIMP","TRUE","931"
"test.h","P_FAMILY_INDEEDEE","TRUE","945"
"test.h","P_FAMILY_INKAY","TRUE","733"
"test.h","P_FAMILY_IRON_BOULDER","TRUE","1124"
"test.h","P_FAMILY_IRON_BUNDLE","TRUE","1074"
"test.h","P_FAMILY_IRON_CROWN","TRUE","1126"
"test.h","P_FAMILY_IRON_HANDS","TRUE","1076"
"test.h","P_FAMILY_IRON_JUGULIS","TRUE","1078"
"test.h","P_FAMILY_IRON_LEAVES","TRUE","1106"
"test.h","P_FAMILY_IRON_MOTH","TRUE","1080"
"test.h","P_FAMILY_IRON_THORNS","TRUE","1082"
"test.h","P_FAMILY_IRON_TREADS","TRUE","1072"
"test.h","P_FAMILY_IRON_VALIANT","TRUE","1098"
"test.h","P_FAMILY_JANGMO_O","TRUE","846"
"test.h","P_FAMILY_JIGGLYPUFF","TRUE","75"
"test.h","P_FAMILY_JIRACHI","TRUE","445"
"test.h","P_FAMILY_JOLTIK","TRUE","634"
"test.h","P_FAMILY_JYNX","TRUE","161"
"test.h","P_FAMILY_KABUTO","TRUE","183"
"test.h","P_FAMILY_KANGASKHAN","TRUE","149"
"test.h","P_FAMILY_KARRABLAST","TRUE","626"
"test.h","P_FAMILY_KARTANA","TRUE","868"
"test.h","P_FAMILY_KECLEON","TRUE","403"
"test.h","P_FAMILY_KELDEO","TRUE","696"
"test.h","P_FAMILY_KLAWF","TRUE","1024"
"test.h","P_FAMILY_KLEFKI","TRUE","755"
"test.h","P_FAMILY_KLINK","TRUE","638"
"test.h","P_FAMILY_KOFFING","TRUE","141"
"test.h","P_FAMILY_KOMALA","TRUE","832"
"test.h","P_FAMILY_KORAIDON","TRUE","1100"
"test.h","P_FAMILY_KRABBY","TRUE","129"
"test.h","P_FAMILY_KRICKETOT","TRUE","460"
"test.h","P_FAMILY_KUBFU","TRUE","969"
"test.h","P_FAMILY_KYOGRE","TRUE","439"
"test.h","P_FAMILY_KYUREM","TRUE","694"
"test.h","P_FAMILY_LANDORUS","TRUE","692"
"test.h","P_FAMILY_LAPRAS","TRUE","173"
"test.h","P_FAMILY_LARVESTA","TRUE","676"
"test.h","P_FAMILY_LARVITAR","TRUE","296"
"test.h","P_FAMILY_LATIAS","TRUE","435"
"test.h","P_FAMILY_LATIOS","TRUE","437"
"test.h","P_FAMILY_LECHONK","TRUE","992"
"test.h","P_FAMILY_LEDYBA","TRUE","212"
"test.h","P_FAMILY_LICKITUNG","TRUE","139"
"test.h","P_FAMILY_LILEEP","TRUE","395"
"test.h","P_FAMILY_LILLIPUP","TRUE","548"
"test.h","P_FAMILY_LITLEO","TRUE","715"
"test.h","P_FAMILY_LITTEN","TRUE","780"
"test.h","P_FAMILY_LITWICK","TRUE","644"
"test.h","P_FAMILY_LOTAD","TRUE","317"
"test.h","P_FAMILY_LUGIA","TRUE","298"
"test.h","P_FAMILY_LUNATONE","TRUE","385"
"test.h","P_FAMILY_LUVDISC","TRUE","423"
"test.h","P_FAMILY_MACHOP","TRUE","99"
"test.h","P_FAMILY_MAGEARNA","TRUE","874"
"test.h","P_FAMILY_MAGIKARP","TRUE","171"
"test.h","P_FAMILY_MAGMAR","TRUE","165"
"test.h","P_FAMILY_MAGNEMITE","TRUE","111"
"test.h","P_FAMILY_MAKUHITA","TRUE","337"
"test.h","P_FAMILY_MANAPHY","TRUE","530"
"test.h","P_FAMILY_MANKEY","TRUE","91"
"test.h","P_FAMILY_MANTINE","TRUE","276"
"test.h","P_FAMILY_MARACTUS","TRUE","594"
"test.h","P_FAMILY_MAREANIE","TRUE","800"
"test.h","P_FAMILY_MAREEP","TRUE","222"
"test.h","P_FAMILY_MARILL","TRUE","224"
"test.h","P_FAMILY_MARSHADOW","TRUE","876"
"test.h","P_FAMILY_MASCHIFF","TRUE","1016"
"test.h","P_FAMILY_MAWILE","TRUE","345"
"test.h","P_FAMILY_MEDITITE","TRUE","349"
"test.h","P_FAMILY_MELOETTA","TRUE","698"
"test.h","P_FAMILY_MELTAN","TRUE","886"
"test.h","P_FAMILY_MEOWTH","TRUE","87"
"test.h","P_FAMILY_MESPRIT","TRUE","514"
"test.h","P_FAMILY_MEW","TRUE","199"
"test.h","P_FAMILY_MEWTWO","TRUE","197"
"test.h","P_FAMILY_MIENFOO","TRUE","656"
"test.h","P_FAMILY_MILCERY","TRUE","933"
"test.h","P_FAMILY_MILTANK","TRUE","288"
"test.h","P_FAMILY_MIMIKYU","TRUE","838"
"test.h","P_FAMILY_MINCCINO","TRUE","612"
"test.h","P_FAMILY_MINIOR","TRUE","830"
"test.h","P_FAMILY_MINUN","TRUE","355"
"test.h","P_FAMILY_MIRAIDON","TRUE","1102"
"test.h","P_FAMILY_MISDREAVUS","TRUE","240"
"test.h","P_FAMILY_MOLTRES","TRUE","193"
"test.h","P_FAMILY_MORELULL","TRUE","808"
"test.h","P_FAMILY_MORPEKO","TRUE","947"
"test.h","P_FAMILY_MR_MIME","TRUE","157"
"test.h","P_FAMILY_MUDBRAY","TRUE","802"
"test.h","P_FAMILY_MUDKIP","TRUE","309"
"test.h","P_FAMILY_MUNKIDORI","TRUE","1114"
"test.h","P_FAMILY_MUNNA","TRUE","558"
"test.h","P_FAMILY_MURKROW","TRUE","238"
"test.h","P_FAMILY_NACLI","TRUE","1008"
"test.h","P_FAMILY_NATU","TRUE","220"
"test.h","P_FAMILY_NECROZMA","TRUE","872"
"test.h","P_FAMILY_NICKIT","TRUE","901"
"test.h","P_FAMILY_NIDORAN","TRUE","69"
"test.h","P_FAMILY_NIHILEGO","TRUE","858"
"test.h","P_FAMILY_NINCADA","TRUE","333"
"test.h","P_FAMILY_NOIBAT","TRUE","763"
"test.h","P_FAMILY_NOSEPASS","TRUE","339"
"test.h","P_FAMILY_NUMEL","TRUE","367"
"test.h","P_FAMILY_NYMBLE","TRUE","996"
"test.h","P_FAMILY_ODDISH","TRUE","79"
"test.h","P_FAMILY_OGERPON","TRUE","1118"
"test.h","P_FAMILY_OKIDOGI","TRUE","1112"
"test.h","P_FAMILY_OMANYTE","TRUE","181"
"test.h","P_FAMILY_ONIX","TRUE","125"
"test.h","P_FAMILY_ORANGURU","TRUE","818"
"test.h","P_FAMILY_ORICORIO","TRUE","792"
"test.h","P_FAMILY_ORTHWORM","TRUE","1044"
"test.h","P_FAMILY_OSHAWOTT","TRUE","544"
"test.h","P_FAMILY_PACHIRISU","TRUE","472"
"test.h","P_FAMILY_PALKIA","TRUE","520"
"test.h","P_FAMILY_PANCHAM","TRUE","721"
"test.h","P_FAMILY_PANPOUR","TRUE","556"
"test.h","P_FAMILY_PANSAGE","TRUE","552"
"test.h","P_FAMILY_PANSEAR","TRUE","554"
"test.h","P_FAMILY_PARAS","TRUE","81"
"test.h","P_FAMILY_PASSIMIAN","TRUE","820"
"test.h","P_FAMILY_PATRAT","TRUE","546"
"test.h","P_FAMILY_PAWMI","TRUE","998"
"test.h","P_FAMILY_PAWNIARD","TRUE","662"
"test.h","P_FAMILY_PECHARUNT","TRUE","1130"
"test.h","P_FAMILY_PETILIL","TRUE","586"
"test.h","P_FAMILY_PHANPY","TRUE","282"
"test.h","P_FAMILY_PHANTUMP","TRUE","757"
"test.h","P_FAMILY_PHEROMOSA","TRUE","862"
"test.h","P_FAMILY_PIDGEY","TRUE","57"
"test.h","P_FAMILY_PIDOVE","TRUE","560"
"test.h","P_FAMILY_PIKACHU","TRUE","65"
"test.h","P_FAMILY_PIKIPEK","TRUE","784"
"test.h","P_FAMILY_PINCURCHIN","TRUE","937"
"test.h","P_FAMILY_PINECO","TRUE","248"
"test.h","P_FAMILY_PINSIR","TRUE","167"
"test.h","P_FAMILY_PIPLUP","TRUE","454"
"test.h","P_FAMILY_PLUSLE","TRUE","353"
"test.h","P_FAMILY_POIPOLE","TRUE","878"
"test.h","P_FAMILY_POLIWAG","TRUE","95"
"test.h","P_FAMILY_POLTCHAGEIST","TRUE","1108"
"test.h","P_FAMILY_PONYTA","TRUE","107"
"test.h","P_FAMILY_POOCHYENA","TRUE","311"
"test.h","P_FAMILY_POPPLIO","TRUE","782"
"test.h","P_FAMILY_PORYGON","TRUE","179"
"test.h","P_FAMILY_PSYDUCK","TRUE","89"
"test.h","P_FAMILY_PUMPKABOO","TRUE","759"
"test.h","P_FAMILY_PURRLOIN","TRUE","550"
"test.h","P_FAMILY_PYUKUMUKU","TRUE","826"
"test.h","P_FAMILY_QUAXLY","TRUE","990"
"test.h","P_FAMILY_QWILFISH","TRUE","256"
"test.h","P_FAMILY_RAGING_BOLT","TRUE","1122"
"test.h","P_FAMILY_RAIKOU","TRUE","290"
"test.h","P_FAMILY_RALTS","TRUE","325"
"test.h","P_FAMILY_RATTATA","TRUE","59"
"test.h","P_FAMILY_RAYQUAZA","TRUE","443"
"test.h","P_FAMILY_REGICE","TRUE","431"
"test.h","P_FAMILY_REGIDRAGO","TRUE","975"
"test.h","P_FAMILY_REGIELEKI","TRUE","973"
"test.h","P_FAMILY_REGIGIGAS","TRUE","524"
"test.h","P_FAMILY_REGIROCK","TRUE","429"
"test.h","P_FAMILY_REGISTEEL","TRUE","433"
"test.h","P_FAMILY_RELICANTH","TRUE","421"
"test.h","P_FAMILY_RELLOR","TRUE","1028"
"test.h","P_FAMILY_REMORAID","TRUE","272"
"test.h","P_FAMILY_RESHIRAM","TRUE","688"
"test.h","P_FAMILY_RHYHORN","TRUE","143"
"test.h","P_FAMILY_RIOLU","TRUE","496"
"test.h","P_FAMILY_ROARING_MOON","TRUE","1096"
"test.h","P_FAMILY_ROCKRUFF","TRUE","796"
"test.h","P_FAMILY_ROGGENROLA","TRUE","564"
"test.h","P_FAMILY_ROLYCOLY","TRUE","911"
"test.h","P_FAMILY_ROOKIDEE","TRUE","897"
"test.h","P_FAMILY_ROSELIA","TRUE","359"
"test.h","P_FAMILY_ROTOM","TRUE","510"
"test.h","P_FAMILY_ROWLET","TRUE","778"
"test.h","P_FAMILY_RUFFLET","TRUE","666"
"test.h","P_FAMILY_SABLEYE","TRUE","343"
"test.h","P_FAMILY_SALANDIT","TRUE","810"
"test.h","P_FAMILY_SANDILE","TRUE","590"
"test.h","P_FAMILY_SANDSHREW","TRUE","67"
"test.h","P_FAMILY_SANDY_SHOCKS","TRUE","1070"
"test.h","P_FAMILY_SANDYGAST","TRUE","824"
"test.h","P_FAMILY_SAWK","TRUE","578"
"test.h","P_FAMILY_SCATTERBUG","TRUE","713"
"test.h","P_FAMILY_SCORBUNNY","TRUE","891"
"test.h","P_FAMILY_SCRAGGY","TRUE","598"
"test.h","P_FAMILY_SCREAM_TAIL","TRUE","1062"
"test.h","P_FAMILY_SCYTHER","TRUE","159"
"test.h","P_FAMILY_SEEDOT","TRUE","319"
"test.h","P_FAMILY_SEEL","TRUE","117"
"test.h","P_FAMILY_SENTRET","TRUE","208"
"test.h","P_FAMILY_SEVIPER","TRUE","383"
"test.h","P_FAMILY_SEWADDLE","TRUE","580"
"test.h","P_FAMILY_SHAYMIN","TRUE","534"
"test.h","P_FAMILY_SHELLDER","TRUE","121"
"test.h","P_FAMILY_SHELLOS","TRUE","478"
"test.h","P_FAMILY_SHELMET","TRUE","652"
"test.h","P_FAMILY_SHIELDON","TRUE","466"
"test.h","P_FAMILY_SHINX","TRUE","462"
"test.h","P_FAMILY_SHROODLE","TRUE","1018"
"test.h","P_FAMILY_SHROOMISH","TRUE","329"
"test.h","P_FAMILY_SHUCKLE","TRUE","258"
"test.h","P_FAMILY_SHUPPET","TRUE","405"
"test.h","P_FAMILY_SIGILYPH","TRUE","600"
"test.h","P_FAMILY_SILICOBRA","TRUE","915"
"test.h","P_FAMILY_SINISTCHA","TRUE","1110"
"test.h","P_FAMILY_SINISTEA","TRUE","927"
"test.h","P_FAMILY_SIZZLIPEDE","TRUE","923"
"test.h","P_FAMILY_SKARMORY","TRUE","278"
"test.h","P_FAMILY_SKIDDO","TRUE","719"
"test.h","P_FAMILY_SKITTY","TRUE","341"
"test.h","P_FAMILY_SKORUPI","TRUE","500"
"test.h","P_FAMILY_SKRELP","TRUE","737"
"test.h","P_FAMILY_SKWOVET","TRUE","895"
"test.h","P_FAMILY_SLAKOTH","TRUE","331"
"test.h","P_FAMILY_SLITHER_WING","TRUE","1068"
"test.h","P_FAMILY_SLOWPOKE","TRUE","109"
"test.h","P_FAMILY_SLUGMA","TRUE","266"
"test.h","P_FAMILY_SMEARGLE","TRUE","286"
"test.h","P_FAMILY_SMOLIV","TRUE","1004"
"test.h","P_FAMILY_SNEASEL","TRUE","262"
"test.h","P_FAMILY_SNIVY","TRUE","540"
"test.h","P_FAMILY_SNOM","TRUE","939"
"test.h","P_FAMILY_SNORLAX","TRUE","187"
"test.h","P_FAMILY_SNORUNT","TRUE","415"
"test.h","P_FAMILY_SNOVER","TRUE","508"
"test.h","P_FAMILY_SNUBBULL","TRUE","254"
"test.h","P_FAMILY_SOBBLE","TRUE","893"
"test.h","P_FAMILY_SOLOSIS","TRUE","616"
"test.h","P_FAMILY_SOLROCK","TRUE","387"
"test.h","P_FAMILY_SPEAROW","TRUE","61"
"test.h","P_FAMILY_SPECTRIER","TRUE","979"
"test.h","P_FAMILY_SPHEAL","TRUE","417"
"test.h","P_FAMILY_SPINARAK","TRUE","214"
"test.h","P_FAMILY_SPINDA","TRUE","373"
"test.h","P_FAMILY_SPIRITOMB","TRUE","492"
"test.h","P_FAMILY_SPOINK","TRUE","371"
"test.h","P_FAMILY_SPRIGATITO","TRUE","986"
"test.h","P_FAMILY_SPRITZEE","TRUE","729"
"test.h","P_FAMILY_SQUAWKABILLY","TRUE","1006"
"test.h","P_FAMILY_SQUIRTLE","TRUE","51"
"test.h","P_FAMILY_STAKATAKA","TRUE","880"
"test.h","P_FAMILY_STANTLER","TRUE","284"
"test.h","P_FAMILY_STARLY","TRUE","456"
"test.h","P_FAMILY_STARYU","TRUE","155"
"test.h","P_FAMILY_STONJOURNER","TRUE","941"
"test.h","P_FAMILY_STUFFUL","TRUE","812"
"test.h","P_FAMILY_STUNFISK","TRUE","654"
"test.h","P_FAMILY_STUNKY","TRUE","486"
"test.h","P_FAMILY_SUDOWOODO","TRUE","226"
"test.h","P_FAMILY_SUICUNE","TRUE","294"
"test.h","P_FAMILY_SUNKERN","TRUE","232"
"test.h","P_FAMILY_SURSKIT","TRUE","327"
"test.h","P_FAMILY_SWABLU","TRUE","379"
"test.h","P_FAMILY_SWINUB","TRUE","268"
"test.h","P_FAMILY_SWIRLIX","TRUE","731"
"test.h","P_FAMILY_TADBULB","TRUE","1012"
"test.h","P_FAMILY_TAILLOW","TRUE","321"
"test.h","P_FAMILY_TANDEMAUS","TRUE","1000"
"test.h","P_FAMILY_TANGELA","TRUE","147"
"test.h","P_FAMILY_TAPU_BULU","TRUE","852"
"test.h","P_FAMILY_TAPU_FINI","TRUE","854"
"test.h","P_FAMILY_TAPU_KOKO","TRUE","848"
"test.h","P_FAMILY_TAPU_LELE","TRUE","850"
"test.h","P_FAMILY_TAROUNTULA","TRUE","994"
"test.h","P_FAMILY_TATSUGIRI","TRUE","1058"
"test.h","P_FAMILY_TAUROS","TRUE","169"
"test.h","P_FAMILY_TEDDIURSA","TRUE","264"
"test.h","P_FAMILY_TENTACOOL","TRUE","103"
"test.h","P_FAMILY_TEPIG","TRUE","542"
"test.h","P_FAMILY_TERAPAGOS","TRUE","1128"
"test.h","P_FAMILY_TERRAKION","TRUE","680"
"test.h","P_FAMILY_THROH","TRUE","576"
"test.h","P_FAMILY_THUNDURUS","TRUE","686"
"test.h","P_FAMILY_TIMBURR","TRUE","572"
"test.h","P_FAMILY_TING_LU","TRUE","1092"
"test.h","P_FAMILY_TINKATINK","TRUE","1032"
"test.h","P_FAMILY_TIRTOUGA","TRUE","604"
"test.h","P_FAMILY_TOEDSCOOL","TRUE","1022"
"test.h","P_FAMILY_TOGEDEMARU","TRUE","836"
"test.h","P_FAMILY_TOGEPI","TRUE","218"
"test.h","P_FAMILY_TORCHIC","TRUE","307"
"test.h","P_FAMILY_TORKOAL","TRUE","369"
"test.h","P_FAMILY_TORNADUS","TRUE","684"
"test.h","P_FAMILY_TOTODILE","TRUE","206"
"test.h","P_FAMILY_TOXEL","TRUE","921"
"test.h","P_FAMILY_TRAPINCH","TRUE","375"
"test.h","P_FAMILY_TREECKO","TRUE","305"
"test.h","P_FAMILY_TROPIUS","TRUE","409"
"test.h","P_FAMILY_TRUBBISH","TRUE","608"
"test.h","P_FAMILY_TURTONATOR","TRUE","834"
"test.h","P_FAMILY_TURTWIG","TRUE","450"
"test.h","P_FAMILY_TYMPOLE","TRUE","574"
"test.h","P_FAMILY_TYNAMO","TRUE","640"
"test.h","P_FAMILY_TYPE_NULL","TRUE","828"
"test.h","P_FAMILY_TYRUNT","TRUE","743"
"test.h","P_FAMILY_UNOWN","TRUE","242"
"test.h","P_FAMILY_UXIE","TRUE","512"
"test.h","P_FAMILY_VANILLITE","TRUE","620"
"test.h","P_FAMILY_VAROOM","TRUE","1040"
"test.h","P_FAMILY_VELUZA","TRUE","1054"
"test.h","P_FAMILY_VENIPEDE","TRUE","582"
"test.h","P_FAMILY_VENONAT","TRUE","83"
"test.h","P_FAMILY_VICTINI","TRUE","538"
"test.h","P_FAMILY_VIRIZION","TRUE","682"
"test.h","P_FAMILY_VOLBEAT_ILLUMISE","TRUE","357"
"test.h","P_FAMILY_VOLCANION","TRUE","775"
"test.h","P_FAMILY_VOLTORB","TRUE","131"
"test.h","P_FAMILY_VULLABY","TRUE","668"
"test.h","P_FAMILY_VULPIX","TRUE","73"
"test.h","P_FAMILY_WAILMER","TRUE","365"
"test.h","P_FAMILY_WALKING_WAKE","TRUE","1104"
"test.h","P_FAMILY_WATTREL","TRUE","1014"
"test.h","P_FAMILY_WEEDLE","TRUE","55"
"test.h","P_FAMILY_WHISMUR","TRUE","335"
"test.h","P_FAMILY_WIGLETT","TRUE","1034"
"test.h","P_FAMILY_WIMPOD","TRUE","822"
"test.h","P_FAMILY_WINGULL","TRUE","323"
"test.h","P_FAMILY_WISHIWASHI","TRUE","798"
"test.h","P_FAMILY_WO_CHIEN","TRUE","1088"
"test.h","P_FAMILY_WOBBUFFET","TRUE","244"
"test.h","P_FAMILY_WOOBAT","TRUE","566"
"test.h","P_FAMILY_WOOLOO","TRUE","905"
"test.h","P_FAMILY_WOOPER","TRUE","236"
"test.h","P_FAMILY_WURMPLE","TRUE","315"
"test.h","P_FAMILY_XERNEAS","TRUE","765"
"test.h","P_FAMILY_XURKITREE","TRUE","864"
"test.h","P_FAMILY_YAMASK","TRUE","602"
"test.h","P_FAMILY_YAMPER","TRUE","909"
"test.h","P_FAMILY_YANMA","TRUE","234"
"test.h","P_FAMILY_YUNGOOS","TRUE","786"
"test.h","P_FAMILY_YVELTAL","TRUE","767"
"test.h","P_FAMILY_ZACIAN","TRUE","963"
"test.h","P_FAMILY_ZAMAZENTA","TRUE","965"
"test.h","P_FAMILY_ZANGOOSE","TRUE","381"
"test.h","P_FAMILY_ZAPDOS","TRUE","191"
"test.h","P_FAMILY_ZARUDE","TRUE","971"
"test.h","P_FAMILY_ZEKROM","TRUE","690"
"test.h","P_FAMILY_ZERAORA","TRUE","884"
"test.h","P_FAMILY_ZIGZAGOON","TRUE","313"
"test.h","P_FAMILY_ZORUA","TRUE","610"
"test.h","P_FAMILY_ZUBAT","TRUE","77"
"test.h","P_FAMILY_ZYGARDE","TRUE","769"
"test.h","P_FUSION_FORMS","TRUE","18"
"test.h","P_GALARIAN_FORMS","TRUE","22"
"test.h","P_GEN_2_CROSS_EVOS","TRUE","34"
"test.h","P_GEN_3_CROSS_EVOS","TRUE","36"
"test.h","P_GEN_4_CROSS_EVOS","TRUE","38"
"test.h","P_GEN_6_CROSS_EVOS","TRUE","40"
"test.h","P_GEN_8_CROSS_EVOS","TRUE","42"
"test.h","P_GEN_9_CROSS_EVOS","TRUE","44"
"test.h","P_GIGANTAMAX_FORMS","TRUE","14"
"test.h","P_HISUIAN_FORMS","TRUE","24"
"test.h","P_MEGA_EVOLUTIONS","TRUE","8"
"test.h","P_PALDEAN_FORMS","TRUE","26"
"test.h","P_PIKACHU_EXTRA_FORMS","TRUE","28"
"test.h","P_PRIMAL_REVERSIONS","TRUE","10"
"test.h","P_TERA_FORMS","TRUE","16"
"test.h","P_ULTRA_BURST_FORMS","TRUE","12"
"test.h","T_COMPRESSION_SHOULD_PRINT","FALSE","1143"
"test.h","T_SHOULD_RUN_MOVE_ANIM","FALSE","1146"
"text.h","AUTO_SCROLL_TEXT","FALSE","5"
"text.h","TEXT_SPEED_INSTANT","FALSE","14"
